Peptide,LFC,totalMeanLFC,LFC_SD
ACM1_421_433,0.130502024,-0.080979088,0.199169656
ACM1_444_456,0.100634702,-0.099304052,0.207913147
ACM4_456_468,0.180528568,-0.004400779,0.173073431
ACM5_494_506,0.150792071,-0.070201199,0.201499028
ACM5_498_510,-0.021566176,-0.150581034,0.116181809
ADDB_696_708,0.156578976,-0.240680128,0.345893982
ADDB_706_718,-0.427227534,-0.53410805,0.092672613
ANDR_785_797,-0.289324503,-0.584407413,0.348055277
ANXA1_209_221,-0.715615891,-1.075599324,0.322419291
BAD_69_81,-0.544658899,-0.643867372,0.106654447
BAD_93_105,-0.032448092,-0.093344959,0.101739856
BCKD_45_57,-0.186207,-0.331314942,0.125876939
C1R_201_213,-0.628722886,-0.515067017,0.319013326
CA2D1_494_506,-0.042236478,-0.191388948,0.132543845
CD27_212_224,-0.060374991,-0.211790217,0.132904229
CDC2_154_169,-1.551241883,-0.739384591,0.789345109
CDK7_163_175,0.600784838,0.20701913,0.54631536
CENPA_1_14,0.080195995,-0.147312365,0.229691466
COF1_17_29,-1.265747984,-1.661350915,0.377088599
DCX_49_61,-0.305782658,-0.390456082,0.181412486
ERBB2_679_691,0.128162439,-0.042580121,0.177813198
ERF_519_531,-0.695459309,-1.127824237,0.386963492
ESR1_160_172,0.054778461,-0.153127972,0.27561678
FIBA_569_581,-0.197939378,-0.196740929,0.035568011
FOXO3_25_37,0.268392873,-0.044887884,0.291250405
FRAP_2443_2455,-0.426161241,-0.785888917,0.428769404
GPR6_349_361,-0.53943521,-0.901332652,0.429072231
GSUB_61_73,-0.255182356,-0.383403855,0.129030146
GYS2_1_13,-0.601751971,-0.877981746,0.242885591
H2B1B_ 27_40,-0.360819197,-0.67852648,0.276212401
H32_3_18,0.026657134,-0.159465022,0.207964958
IF4E_203_215,-0.248249415,-0.286555193,0.100781154
KAPCG_192_206,-0.197963136,-0.254633505,0.222127189
KCNA2_442_454,-0.469110334,-0.706293388,0.339450797
KCNA3_461_473,-0.71604953,-1.163385142,0.512808168
KCNB1_489_501,-0.891553273,-0.606005393,0.350782775
KIF2C_105_118_S106G,-0.167148467,-0.268758817,0.102857809
KPCB_626_639,-2.284154752,-0.958980423,1.286378205
KS6A1_374_386,-0.375711179,-0.243672208,0.116465654
LMNB1_16_28,0.017855365,-0.174305431,0.169794236
MARCS_152_164,0.210547506,-0.193800587,0.37664509
MARCS_160_172,-0.101841242,0.128696161,0.416108646
MBP_222_234,0.41761835,0.100596393,0.319394063
MP2K1_287_299,-0.085062924,-0.199538388,0.161427765
MPIP1_172_184,-0.204381904,-0.279507937,0.176770577
MPIP3_208_220,-0.06813993,-0.157882659,0.106698522
NEK2_172_184,-0.214905663,-0.085239598,0.332056654
NR4A1_344_356,0.010182441,-0.172905915,0.207555454
P53_12_24,0.049904906,0.260584732,0.417303027
P53_308_323,-0.129750287,-0.192156793,0.224246859
PDE5A_95_107,-1.266699302,-1.709492254,0.391196703
PP2AB_297_309,0.451487729,-0.325972904,0.869432892
PPR1A_28_40,-0.374474632,-0.536249299,0.151534898
RAF1_253_265,-0.862245862,-1.037970359,0.157428348
RAP1B_172_184,-0.654520403,-0.921012974,0.252892491
RB_242_254,-0.126144455,-0.3846476,0.253664415
RB_350_362,-0.291262468,-0.538670071,0.311302867
RB_803_815,0.023919962,-0.149001,0.215427195
RBL2_655_667,-0.058965968,-0.157322917,0.221254336
